{
"music_disc.nevergonnagiveyouup": {
    "sounds": [
        {
            "name": "records/nevergonnagiveyouup",
            "stream": true
        }
    ]
},

"music_disc.hardskool": {
    "sounds": [
        {
            "name": "records/hardskool",
            "stream": true
        }
    ]
},

"music_disc.sexsells": {
    "sounds": [
        {
            "name": "records/sexsells",
            "stream": true
        }
    ]
},

"music_disc.dreammaskofficialsusremix": {
    "sounds": [
        {
            "name": "records/dreammaskofficialsusremix",
            "stream": true
        }
    ]
}
}